Frame, # Keypoints, # Matches, TTC-camera, TTC-lidar
1,1541,1510,
2,1529,1539,
3,1561,1526,
4,1545,1559,
5,1526,1540,
6,1566,1522,
7,1529,1558,
8,1547,1527,
9,1572,1541,
10,1567,1567,
11,1538,1562,10.491403,6.523716
12,1513,1529,
13,1538,1510,
14,1555,1532,
15,1544,1547,
16,1563,1534,
17,1561,1553,
18,1569,1556,8.309779,6.248951
