Frame, # Keypoints, # Matches, TTC-camera, TTC-lidar
1,5291,4986,
2,5202,5004,
3,5090,4914,
4,5118,4828,
5,5180,4831,
6,5192,4853,
7,5177,4858,
8,5176,4859,
9,5225,4883,
10,5331,4907,
11,5351,5013,
12,5244,5051,
13,5231,4955,
14,5286,4951,10.967763,7.466209
15,5464,5009,
16,5464,5178,
17,5563,5180,
18,5497,5263,
