Frame, # Keypoints, # Matches, TTC-camera, TTC-lidar
1,1541,1513,
2,1529,1541,
3,1561,1529,
4,1545,1561,
5,1526,1545,
6,1566,1526,
7,1529,1566,
8,1547,1529,
9,1572,1547,
10,1567,1572,
11,1538,1567,
12,1513,1538,
13,1538,1513,
14,1555,1538,10.967763,4.882714
15,1544,1555,8.094218,5.510496
16,1563,1544,
17,1561,1563,
18,1569,1561,
