Frame, # Keypoints, # Matches, TTC-camera, TTC-lidar
1,3000,2896,
2,2974,3000,
3,2953,2974,
4,2855,2953,
5,2906,2855,
6,2886,2906,
7,2886,2886,
8,2893,2886,
9,2930,2893,
10,3022,2930,
11,3013,3022,
12,2949,3013,
13,3012,2949,
14,3026,3012,
15,3074,3026,
16,3131,3074,
17,3135,3131,9.851404,4.689126
18,3146,3135,
